timestamp,original_text,final_category,final_tags,final_priority,agent_note
2025-11-09T23:14:51.055403,"See discussions, st ats, and author pr ofiles f or this public ation at : https://www .researchgate.ne t/public ation/382343006
Error-correcting Codes in Commu nication Systems
Conf erence Paper  · May 2024
DOI: 10.1109/IW CMC61514.2024.10592361
CITATIONS
3READS
94
2 author s:
Khawla Almazr ouei
Technolog y Inno vation Instit ute
11 PUBLICA TIONS    80 CITATIONS    
SEE PROFILE
Khawla Alnajjar
Univ ersity of Shar jah
84 PUBLICA TIONS    342 CITATIONS    
SEE PROFILE
All c ontent f ollo wing this p age was uplo aded b y Khawla Almazr ouei  on 11 F ebruar y 2025.
The user has r equest ed enhanc ement of the do wnlo aded file. Error-correcting Codes in Communication Systems 
Khawla  Almazrouei!, Khawla A Alnajjar!
!Department of Computer Engineering, University of Sharjah, Sharjah, UAE
!Autonomous Robotics Research Centre, Technology Innovation Institute, Abu Dhabi, UAE.
!Department of Electrical Engineering, University of Sharjah, Sharjah, UAE 
!Khawla.almazrouei@tii.ae, kalnajjar@sha",high,system errors,Medium,
2025-11-10T11:48:34.225327,"Programming Languages:
Python (Basic)
Java (Intermediate)Prompt Engineering & NLP:
Fine-tuning prompts for AI models
Natural Language Processing (NLP)
OpenAI API & LLM-based development
PROJECTS
Resume Analyzer – Developed an AI-powered tool to analyze
resumes, extract key skills, and provide automated feedback
using Machine Learning & NLP.
Movie Database Web App – Built a full-stack movie database
using HTML, CSS, JavaScript, and Node.js, with structured
documentation and Postman testing.Backend Development:
RESTful API design and
 development
Node.js, Express.js
Database Management 
      (SQL, MongoDB)
Frontend Development:
HTML, CSS, JavaScriptMachine Learning & AI:
Supervised & Unsupervised Learning
Feature Engineering 
      Model Optimization
Scikit-learn, TensorFlow, PyTorch
Languages Known
English – Fluent
Tamil – Native
Japanese – LearningMARIANNE SRUTHI
CAREER OBJECTIVE
Passionate and results-driven software developer skilled in Python, Java, and backend development. Experie",,,Medium,
2025-11-10T11:56:47.418824,"Customer Support Ticket
Ticket ID: TCKT-1006
Customer Name: Vikram
Issue Title: Incorrect amount charged on credit card
Description: The customer reported that 'Incorrect amount charged on credit card'. The issue is
currently under review by the support team.
Date: 2025-11-07
Priority: High
Status: Resolved",Payment,"urgent,billing",High,nil
2025-11-10T12:05:11.107656,"Customer Support Ticket
Ticket ID: TCKT-1006
Customer Name: Vikram
Issue Title: Incorrect amount charged on credit card
Description: The customer reported that 'Incorrect amount charged on credit card'. The issue is
currently under review by the support team.
Date: 2025-11-07
Priority: High
Status: Resolved",Payment,"urgent,billing",Medium,hiii
